Timestamp,Username,Room name,Walls,Ceilings,Doors,Windows,Furniture and Equipment,Heating System,Air Conditioning,Sockets,Lighting and Switches,Latitude_as a number (float),Longitude_as a number (float)
2020/10/07 8:45:51 AM GMT+1,user296,Room_user296,As new or in good serviceable condition,As new or in good serviceable condition,As new or in good serviceable condition,As new or in good serviceable condition,As new or in good serviceable condition,As new or in good serviceable condition,As new or in good serviceable condition,As new or in good serviceable condition,As new or in good serviceable condition,39.889356,116.290797
2020/10/08 8:49:34 AM GMT+1,user296,Room_user296,As new or in good serviceable condition,As new or in good serviceable condition,"Deteriorating, evidence of high usage, age, additional maintenance costs and inefficiency","Deteriorating, evidence of high usage, age, additional maintenance costs and inefficiency",Requires replacement within 5 years,"Deteriorating, evidence of high usage, age, additional maintenance costs and inefficiency","Deteriorating, evidence of high usage, age, additional maintenance costs and inefficiency",As new or in good serviceable condition,"In poor condition, overdue for replacement",39.889356,116.290797
2020/10/09 8:51:19 AM GMT+1,user296,Room_user296,As new or in good serviceable condition,As new or in good serviceable condition,As new or in good serviceable condition,"Deteriorating, evidence of high usage, age, additional maintenance costs and inefficiency",As new or in good serviceable condition,As new or in good serviceable condition,Item does not exist,As new or in good serviceable condition,As new or in good serviceable condition,39.889356,116.290797
2020/10/10 8:53:39 AM GMT+1,user296,Room_user296,As new or in good serviceable condition,"Deteriorating, evidence of high usage, age, additional maintenance costs and inefficiency",As new or in good serviceable condition,As new or in good serviceable condition,Requires replacement within 5 years,Requires replacement within 5 years,Item does not exist,As new or in good serviceable condition,As new or in good serviceable condition,39.889356,116.290797
2020/10/11 8:55:39 AM GMT+1,user296,Room_user296,As new or in good serviceable condition,As new or in good serviceable condition,"Deteriorating, evidence of high usage, age, additional maintenance costs and inefficiency","Deteriorating, evidence of high usage, age, additional maintenance costs and inefficiency",As new or in good serviceable condition,"In poor condition, overdue for replacement",Item does not exist,As new or in good serviceable condition,As new or in good serviceable condition,39.889356,116.290797
