"Timestamp","Username","Room name","Walls [rate]","Ceilings [rate]","Doors [rate]","Windows [rate]","Furniture and Equipment [rate]","Heating System [rate]","Air Conditioning [rate]","Sockets [rate]","Lighting and Switches [rate]","Latitude_as a number (float)","Longitude_as a number (float)"
"2020/10/11 4:12:21 PM GMT+1","user296","test_user296","1","1","2","2","3","2","2","1","4","39.889356","116.290797"
"2020/10/11 4:13:19 PM GMT+1","user296","test_user296","1","1","1","2","1","1","6","1","1","39.889356","116.290797"
"2020/10/11 4:14:13 PM GMT+1","user296","test_user296","1","2","1","1","3","3","6","1","1","39.889356","116.290797"
"2020/10/11 4:15:08 PM GMT+1","user296","test_user296","1","1","1","1","1","1","1","1","1","39.889356","116.290797"
"2020/10/11 4:16:02 PM GMT+1","user296","test_user296","1","1","2","2","1","4","6","1","1","39.889356","116.290797"